{
    "accuracy": 0.6812227074235808,
    "precision": 0.6637026488594935,
    "recall": 0.6812227074235808,
    "f1_score": 0.6704433263717486
}