{
    "accuracy": 0.6618075801749271,
    "f1_score": 0.6456027531551625,
    "precision": 0.6421640970245148,
    "recall": 0.6618075801749271
}