{
    "accuracy": 0.6705539358600583,
    "f1_score": 0.6554387562987725,
    "precision": 0.6544903773609628,
    "recall": 0.6705539358600583
}